"","date","time","humidvalue","humidrounded"
"1","2023-03-25","20:16:30.431",0,0
"2","2023-03-25","20:20:27.392",0,0
"3","2023-03-25","20:22:43.059",73.4000015258789,73
"4","2023-03-25","20:23:49.731",73.3000030517578,73
"5","2023-03-25","20:23:55.303",73.4000015258789,73
"6","2023-03-25","20:24:00.857",73.3000030517578,73
"7","2023-03-25","20:24:12.004",73.1999969482422,73
"8","2023-03-25","20:24:17.524",73.4000015258789,73
"9","2023-03-25","20:24:39.786",73.5999984741211,74
"10","2023-03-25","20:24:45.326",73.5,74
"11","2023-03-25","20:24:50.936",73.5999984741211,74
"12","2023-03-25","20:25:35.334",75.5,76
"13","2023-03-25","20:25:40.966",79.0999984741211,79
"14","2023-03-25","20:25:46.442",80.5999984741211,81
"15","2023-03-25","20:25:57.608",79.8000030517578,80
"16","2023-03-25","20:26:03.155",78.5999984741211,79
"17","2023-03-25","20:26:08.714",77.9000015258789,78
"18","2023-03-25","20:26:14.308",77.3000030517578,77
"19","2023-03-25","20:26:19.825",76.8000030517578,77
"20","2023-03-25","20:26:25.434",76.1999969482422,76
"21","2023-03-25","20:26:30.965",75.9000015258789,76
"22","2023-03-25","20:26:36.487",76.6999969482422,77
"23","2023-03-25","20:26:42.025",78.4000015258789,78
"24","2023-03-25","20:26:47.582",78.8000030517578,79
"25","2023-03-25","20:26:53.176",78.0999984741211,78
"26","2023-03-25","20:26:58.705",77.6999969482422,78
"27","2023-03-25","20:27:04.286",77.1999969482422,77
"28","2023-03-25","20:27:09.845",76.8000030517578,77
"29","2023-03-25","20:27:15.445",76.3000030517578,76
"30","2023-03-25","20:27:20.946",75.9000015258789,76
"31","2023-03-25","20:27:26.506",75.5999984741211,76
"32","2023-03-25","20:27:32.125",75.4000015258789,75
"33","2023-03-25","20:27:37.71",75.1999969482422,75
"34","2023-03-25","20:27:43.166",75,75
"35","2023-03-25","20:27:48.72",74.8000030517578,75
"36","2023-03-25","20:27:54.346",74.5,75
"37","2023-03-25","20:28:05.434",74.3000030517578,74
"38","2023-03-25","20:28:10.986",74.0999984741211,74
"39","2023-03-25","20:28:22.1",74,74
"40","2023-03-25","20:28:33.194",73.9000015258789,74
"41","2023-03-25","20:28:49.849",74,74
"42","2023-03-25","20:29:06.537",73.9000015258789,74
"43","2023-03-25","20:29:12.141",74,74
"44","2023-03-25","20:29:17.648",73.9000015258789,74
"45","2023-03-25","20:29:50.979",73.8000030517578,74
"46","2023-03-25","20:30:02.115",73.9000015258789,74
"47","2023-03-25","20:30:07.666",73.6999969482422,74
"48","2023-03-25","20:30:13.202",73.9000015258789,74
"49","2023-03-25","20:30:24.308",74,74
"50","2023-03-25","20:30:29.882",73.9000015258789,74
"51","2023-03-25","20:30:46.543",74,74
"52","2023-03-25","20:30:52.14",74.0999984741211,74
"53","2023-03-25","20:31:03.205",74,74
"54","2023-03-25","20:31:08.773",74.0999984741211,74
"55","2023-03-25","20:31:36.543",74.1999969482422,74
"56","2023-03-25","20:31:42.114",74.0999984741211,74
"57","2023-03-25","20:31:47.682",74.1999969482422,74
"58","2023-03-25","20:32:04.337",74.3000030517578,74
"59","2023-03-25","20:32:15.501",74.4000015258789,74
"60","2023-03-25","20:32:21.022",74.5,75
"61","2023-03-25","20:32:32.173",74.4000015258789,74
"62","2023-03-25","20:32:37.682",74.5,75
"63","2023-03-25","20:32:43.259",74.4000015258789,74
"64","2023-03-25","20:32:54.361",74.5,75
"65","2023-03-25","20:33:11.081",74.4000015258789,74
"66","2023-03-25","20:33:16.579",74.5,75
"67","2023-03-25","20:33:27.708",74.4000015258789,74
"68","2023-03-25","20:33:33.266",74.5,75
"69","2023-03-25","20:33:44.383",74.4000015258789,74
"70","2023-03-25","20:33:55.497",74.5,75
"71","2023-03-25","20:34:01.054",74.3000030517578,74
"72","2023-03-25","20:34:17.769",74.4000015258789,74
"73","2023-03-25","20:34:23.292",74.3000030517578,74
"74","2023-03-25","20:34:28.836",74.4000015258789,74
"75","2023-03-25","20:34:34.383",74.3000030517578,74
"76","2023-03-25","20:34:45.506",74.1999969482422,74
"77","2023-03-25","20:34:51.062",74.4000015258789,74
"78","2023-03-25","20:35:07.739",74.1999969482422,74
"79","2023-03-25","20:35:18.856",74.3000030517578,74
"80","2023-03-25","20:35:24.43",74.4000015258789,74
"81","2023-03-25","20:35:41.085",74.5,75
"82","2023-03-25","20:36:03.337",74.5999984741211,75
"83","2023-03-25","20:36:08.891",74.5,75
"84","2023-03-25","20:36:14.471",74.4000015258789,74
"85","2023-03-25","20:36:42.221",74.5,75
"86","2023-03-25","20:36:47.76",74.4000015258789,74
"87","2023-03-25","20:37:37.797",74.5,75
"88","2023-03-25","20:37:59.999",74.5999984741211,75
"89","2023-03-25","20:38:16.693",74.6999969482422,75
"90","2023-03-25","20:38:22.269",74.5999984741211,75
"91","2023-03-25","20:38:38.99",74.5,75
"92","2023-03-25","20:39:28.944",74.4000015258789,74
"93","2023-03-25","20:39:45.587",74.3000030517578,74
"94","2023-03-25","20:39:56.667",74.4000015258789,74
"95","2023-03-25","20:40:13.404",74.5,75
"96","2023-03-25","20:40:35.551",74.4000015258789,74
"97","2023-03-25","20:40:52.269",74.3000030517578,74
"98","2023-03-25","20:41:20.017",74.4000015258789,74
"99","2023-03-25","20:41:25.567",74.3000030517578,74
"100","2023-03-25","20:41:42.265",74.1999969482422,74
"101","2023-03-25","20:41:53.402",74.0999984741211,74
"102","2023-03-25","20:42:21.134",74,74
"103","2023-03-25","20:42:26.677",74.0999984741211,74
"104","2023-03-25","20:43:00.034",74.3000030517578,74
"105","2023-03-25","20:43:11.136",74.4000015258789,74
"106","2023-03-25","20:43:16.696",74.3000030517578,74
"107","2023-03-25","20:43:38.924",74.4000015258789,74
"108","2023-03-25","20:43:50.026",74.5999984741211,75
"109","2023-03-25","20:43:55.581",74.6999969482422,75
"110","2023-03-25","20:44:06.704",74.5999984741211,75
"111","2023-03-25","20:44:12.3",74.5,75
"112","2023-03-25","20:44:23.395",74.4000015258789,74
"113","2023-03-25","20:44:28.933",74.5,75
"114","2023-03-25","20:44:45.66",74.4000015258789,74
"115","2023-03-25","20:44:51.158",74.3000030517578,74
"116","2023-03-25","20:45:02.315",74.1999969482422,74
"117","2023-03-25","20:45:13.385",74.0999984741211,74
"118","2023-03-25","20:45:30.093",74,74
"119","2023-03-25","20:45:41.216",74.0999984741211,74
"120","2023-03-25","20:45:46.735",74,74
"121","2023-03-25","20:45:52.381",74.0999984741211,74
"122","2023-03-25","20:46:47.859",74.1999969482422,74
"123","2023-03-25","20:46:58.965",74.0999984741211,74
"124","2023-03-25","20:47:15.676",74,74
"125","2023-03-25","20:47:21.194",74.0999984741211,74
"126","2023-03-25","20:47:26.764",74,74
"127","2023-03-25","20:47:32.364",74.0999984741211,74
"128","2023-03-25","20:47:37.908",74,74
"129","2023-03-25","20:47:43.46",74.0999984741211,74
"130","2023-03-25","20:47:48.979",74,74
"131","2023-03-25","20:47:54.59",74.0999984741211,74
"132","2023-03-25","20:48:00.141",74,74
"133","2023-03-25","20:48:05.653",74.0999984741211,74
"134","2023-03-25","20:49:23.516",74,74
"135","2023-03-25","20:49:34.545",74.0999984741211,74
"136","2023-03-25","20:49:45.706",74,74
"137","2023-03-25","20:49:51.244",74.0999984741211,74
"138","2023-03-25","20:50:07.903",74.1999969482422,74
"139","2023-03-25","20:50:13.485",74.0999984741211,74
"140","2023-03-25","20:50:19.045",74.1999969482422,74
"141","2023-03-25","20:50:24.573",74.0999984741211,74
"142","2023-03-25","20:50:41.256",74.1999969482422,74
"143","2023-03-25","20:50:46.799",74.3000030517578,74
"144","2023-03-25","20:50:52.4",74.4000015258789,74
"145","2023-03-25","20:50:57.927",74.1999969482422,74
"146","2023-03-25","20:51:03.459",74.3000030517578,74
"147","2023-03-25","20:51:09.021",74.4000015258789,74
"148","2023-03-25","20:51:20.159",74.5,75
"149","2023-03-25","20:51:25.722",74.4000015258789,74
"150","2023-03-25","20:51:31.282",74.5,75
"151","2023-03-25","20:51:36.816",74.4000015258789,74
"152","2023-03-25","20:51:53.494",74.3000030517578,74
"153","2023-03-25","20:51:59.046",74.4000015258789,74
"154","2023-03-25","20:52:04.604",74.5,75
"155","2023-03-25","20:52:38.016",74.4000015258789,74
"156","2023-03-25","20:53:05.728",74.3000030517578,74
"157","2023-03-25","20:53:11.276",74.4000015258789,74
"158","2023-03-25","20:53:33.596",74.5,75
"159","2023-03-25","20:53:50.309",75.8000030517578,76
"160","2023-03-25","20:53:55.76",78.4000015258789,78
"161","2023-03-25","20:54:01.3",78.8000030517578,79
"162","2023-03-25","20:54:06.841",78.3000030517578,78
"163","2023-03-25","20:54:12.444",77.5,78
"164","2023-03-25","20:54:17.954",76.9000015258789,77
"165","2023-03-25","20:54:23.514",76.4000015258789,76
"166","2023-03-25","20:54:29.108",76.0999984741211,76
"167","2023-03-25","20:54:34.63",75.9000015258789,76
"168","2023-03-25","20:54:40.191",75.6999969482422,76
"169","2023-03-25","20:54:45.749",75.5,76
"170","2023-03-25","20:54:51.311",75.3000030517578,75
"171","2023-03-25","20:54:56.871",75.1999969482422,75
"172","2023-03-25","20:55:02.431",75,75
"173","2023-03-25","20:55:13.541",74.9000015258789,75
"174","2023-03-25","20:55:24.66",75.5,76
"175","2023-03-25","20:55:30.211",77.0999984741211,77
"176","2023-03-25","20:55:35.767",77.5999984741211,78
"177","2023-03-25","20:55:41.361",77.8000030517578,78
"178","2023-03-25","20:55:46.89",77.3000030517578,77
"179","2023-03-25","20:55:52.517",77.1999969482422,77
"180","2023-03-25","20:55:58.005",76.8000030517578,77
"181","2023-03-25","20:56:03.593",76.5,77
"182","2023-03-25","20:56:09.128",76.3000030517578,76
"183","2023-03-25","20:56:14.706",76,76
"184","2023-03-25","20:56:20.286",75.8000030517578,76
"185","2023-03-25","20:56:25.826",75.6999969482422,76
"186","2023-03-25","20:56:31.374",75.5,76
"187","2023-03-25","20:56:36.946",75.4000015258789,75
"188","2023-03-25","20:56:42.485",75.3000030517578,75
"189","2023-03-25","20:56:48.054",75.1999969482422,75
"190","2023-03-25","20:56:53.612",78.3000030517578,78
"191","2023-03-25","20:56:59.166",79.8000030517578,80
"192","2023-03-25","20:57:04.709",80.0999984741211,80
"193","2023-03-25","20:57:10.27",79.8000030517578,80
"194","2023-03-25","20:57:15.839",78.9000015258789,79
"195","2023-03-25","20:57:21.405",78.5999984741211,79
"196","2023-03-25","20:57:26.966",78.0999984741211,78
"197","2023-03-25","20:57:32.54",77.4000015258789,77
"198","2023-03-25","20:57:38.068",77,77
"199","2023-03-25","20:57:43.63",76.5999984741211,77
"200","2023-03-25","20:57:49.197",76.5,77
"201","2023-03-25","20:57:54.74",76.0999984741211,76
"202","2023-03-25","20:58:00.308",76,76
"203","2023-03-25","20:58:05.848",75.9000015258789,76
"204","2023-03-25","20:58:11.42",75.6999969482422,76
"205","2023-03-25","20:58:16.969",75.5,76
"206","2023-03-25","20:58:28.08",75.3000030517578,75
"207","2023-03-25","20:58:33.634",75.0999984741211,75
"208","2023-03-25","20:58:39.194",75,75
"209","2023-03-25","20:58:50.32",74.9000015258789,75
"210","2023-03-25","20:59:01.43",74.8000030517578,75
"211","2023-03-25","20:59:06.984",74.6999969482422,75
"212","2023-03-25","20:59:18.141",74.5999984741211,75
"213","2023-03-25","20:59:29.258",74.5,75
"214","2023-03-25","20:59:40.36",74.5999984741211,75
"215","2023-03-25","20:59:57.011",74.5,75
"216","2023-03-25","21:00:30.89",74.4000015258789,74
"217","2023-03-25","21:00:35.897",74.5,75
"218","2023-03-25","21:00:47.021",74.4000015258789,74
"219","2023-03-25","21:01:14.873",74.5,75
"220","2023-03-25","21:01:25.923",74.4000015258789,74
"221","2023-03-25","21:01:31.475",74.5,75
"222","2023-03-25","21:01:59.268",74.4000015258789,74
"223","2023-03-25","21:02:04.816",74.5999984741211,75
"224","2023-03-25","21:02:27.117",74.6999969482422,75
"225","2023-03-25","21:02:38.22",74.8000030517578,75
"226","2023-03-25","21:03:11.509",75,75
"227","2023-03-25","21:03:17.065",74.8000030517578,75
"228","2023-03-25","21:03:22.626",75,75
"229","2023-03-25","21:03:39.346",74.9000015258789,75
"230","2023-03-25","21:03:50.378",74.8000030517578,75
"231","2023-03-25","21:03:55.978",74.6999969482422,75
"232","2023-03-25","21:04:01.566",74.8000030517578,75
"233","2023-03-25","21:04:07.059",74.6999969482422,75
"234","2023-03-25","21:04:29.34",74.5999984741211,75
"235","2023-03-25","21:05:08.218",74.5,75
"236","2023-03-25","21:05:13.738",74.6999969482422,75
"237","2023-03-25","21:05:19.319",74.5,75
"238","2023-03-25","21:05:24.878",74.6999969482422,75
"239","2023-03-25","21:05:36.049",74.5999984741211,75
"240","2023-03-25","21:06:14.935",74.5,75
"241","2023-03-25","21:06:20.418",74.5999984741211,75
"242","2023-03-25","21:06:26.038",74.5,75
"243","2023-03-25","21:06:53.766",74.5999984741211,75
"244","2023-03-25","21:07:10.421",74.5,75
"245","2023-03-25","21:07:49.34",74.5999984741211,75
"246","2023-03-25","21:08:00.419",74.5,75
"247","2023-03-25","21:08:05.998",74.5999984741211,75
"248","2023-03-25","21:08:17.127",74.5,75
"249","2023-03-25","21:09:40.532",74.4000015258789,74
"250","2023-03-25","21:09:45.994",74.5,75
"251","2023-03-25","21:09:57.115",74.5999984741211,75
"252","2023-03-25","21:10:02.687",74.5,75
"253","2023-03-25","21:10:41.576",74.4000015258789,74
"254","2023-03-25","21:10:52.66",74.5,75
"255","2023-03-25","21:10:58.235",74.4000015258789,74
"256","2023-03-25","21:11:03.827",74.5,75
"257","2023-03-25","21:11:26.045",74.5999984741211,75
"258","2023-03-25","21:11:37.127",74.5,75
"259","2023-03-25","21:11:42.679",74.5999984741211,75
"260","2023-03-25","21:12:10.458",74.6999969482422,75
"261","2023-03-25","21:12:27.137",74.8000030517578,75
"262","2023-03-25","21:13:00.497",74.9000015258789,75
"263","2023-03-25","21:13:06.02",74.8000030517578,75
"264","2023-03-25","21:13:22.678",74.9000015258789,75
"265","2023-03-25","21:13:28.237",74.8000030517578,75
"266","2023-03-25","21:13:39.4",74.9000015258789,75
"267","2023-03-25","21:13:44.927",74.8000030517578,75
"268","2023-03-25","21:13:50.496",74.9000015258789,75
"269","2023-03-25","21:13:56.025",74.8000030517578,75
"270","2023-03-25","21:14:12.703",74.9000015258789,75
"271","2023-03-25","21:14:23.819",74.8000030517578,75
"272","2023-03-25","21:15:08.269",74.6999969482422,75
"273","2023-03-25","21:15:30.528",74.8000030517578,75
"274","2023-03-25","21:15:36.081",74.6999969482422,75
"275","2023-03-25","21:15:58.259",74.8000030517578,75
"276","2023-03-25","21:16:09.374",74.6999969482422,75
"277","2023-03-25","21:16:14.959",74.8000030517578,75
"278","2023-03-25","21:16:42.747",74.9000015258789,75
"279","2023-03-25","21:16:48.296",74.8000030517578,75
"280","2023-03-25","21:17:21.617",74.9000015258789,75
"281","2023-03-25","21:17:43.845",74.8000030517578,75
"282","2023-03-25","21:18:00.504",74.9000015258789,75
"283","2023-03-25","21:18:06.067",74.8000030517578,75
"284","2023-03-25","21:18:11.627",74.9000015258789,75
"285","2023-03-25","21:18:22.747",74.8000030517578,75
"286","2023-03-25","21:18:33.863",74.9000015258789,75
"287","2023-03-25","21:18:50.568",74.8000030517578,75
"288","2023-03-25","21:18:56.097",74.9000015258789,75
"289","2023-03-25","21:19:01.639",74.8000030517578,75
"290","2023-03-25","21:19:29.437",74.9000015258789,75
"291","2023-03-25","21:19:35.007",74.8000030517578,75
"292","2023-03-25","21:20:13.887",74.9000015258789,75
"293","2023-03-25","21:20:36.28",74.8000030517578,75
"294","2023-03-26","19:07:02.771",68.8000030517578,69
"295","2023-03-26","19:07:08.349",68.6999969482422,69
"296","2023-03-26","19:07:19.453",68.8000030517578,69
"297","2023-03-26","19:07:24.999",68.9000015258789,69
"298","2023-03-26","19:07:36.121",69,69
"299","2023-03-26","19:07:41.713",69.0999984741211,69
"300","2023-03-26","19:07:47.262",69.1999969482422,69
"301","2023-03-26","19:08:03.917",69.3000030517578,69
"302","2023-03-26","19:08:09.521",69.4000015258789,69
"303","2023-03-26","19:08:15.101",69.5,70
"304","2023-03-26","19:08:20.583",69.5999984741211,70
"305","2023-03-26","19:08:31.745",69.8000030517578,70
"306","2023-03-26","19:08:37.281",69.9000015258789,70
"307","2023-03-26","19:08:42.824",70,70
"308","2023-03-26","19:08:48.421",70.1999969482422,70
"309","2023-03-26","19:08:54.003",70.3000030517578,70
"310","2023-03-26","19:08:59.581",70.4000015258789,70
"311","2023-03-26","19:09:05.081",70.5,71
"312","2023-03-26","19:09:10.689",70.5999984741211,71
"313","2023-03-26","19:09:16.261",70.6999969482422,71
"314","2023-03-26","19:09:21.741",70.8000030517578,71
"315","2023-03-26","19:09:27.276",70.9000015258789,71
"316","2023-03-26","19:09:32.861",71.0999984741211,71
"317","2023-03-26","19:09:43.995",71.1999969482422,71
"318","2023-03-26","19:09:49.625",71.3000030517578,71
"319","2023-03-26","19:10:00.657",71.4000015258789,71
"320","2023-03-26","19:10:06.195",71.5,72
"321","2023-03-26","19:10:22.889",71.5999984741211,72
"322","2023-03-26","19:10:28.425",71.6999969482422,72
"323","2023-03-26","19:10:33.959",71.5999984741211,72
"324","2023-03-26","19:10:39.565",71.6999969482422,72
"325","2023-03-26","19:11:07.305",71.8000030517578,72
"326","2023-03-26","19:11:29.531",71.9000015258789,72
"327","2023-03-26","19:12:02.956",72,72
"328","2023-03-26","19:12:13.997",72.0999984741211,72
"329","2023-03-26","19:12:19.557",72.1999969482422,72
"330","2023-03-26","19:12:30.891",72.3000030517578,72
"331","2023-03-26","19:12:41.797",72.4000015258789,72
"332","2023-03-26","19:12:47.337",72.5,73
"333","2023-03-26","19:12:52.91",72.5999984741211,73
"334","2023-03-26","19:17:17.396",73.4000015258789,73
"335","2023-03-26","19:17:28.506",73.3000030517578,73
"336","2023-03-26","19:17:34.068",73.0999984741211,73
"337","2023-03-26","19:17:45.185",73,73
"338","2023-03-26","19:18:24.14",72.9000015258789,73
"339","2023-03-26","19:18:35.195",72.6999969482422,73
"340","2023-03-26","19:18:40.763",72.8000030517578,73
"341","2023-03-26","19:18:46.323",72.6999969482422,73
"342","2023-03-26","19:21:21.995",72.9000015258789,73
"343","2023-03-26","19:21:27.406",72.6999969482422,73
"344","2023-03-26","19:21:32.974",72.9000015258789,73
"345","2023-03-26","19:21:44.081",72.8000030517578,73
"346","2023-03-26","19:21:49.653",72.6999969482422,73
"347","2023-03-26","19:22:11.864",72.5999984741211,73
"348","2023-03-26","19:22:50.812",72.6999969482422,73
"349","2023-03-26","19:22:56.314",72.5999984741211,73
"350","2023-03-26","19:23:01.875",72.5,73
"351","2023-03-26","19:23:12.995",72.5999984741211,73
"352","2023-03-26","19:23:24.099",72.6999969482422,73
"353","2023-03-26","19:23:57.452",72.5999984741211,73
"354","2023-03-26","19:24:14.115",72.5,73
"355","2023-03-26","19:24:19.736",72.5999984741211,73
"356","2023-03-26","19:24:25.24",72.5,73
"357","2023-03-26","19:24:53.032",72.4000015258789,72
"358","2023-03-26","19:25:04.143",72.5,73
"359","2023-03-26","19:25:15.262",72.4000015258789,72
"360","2023-03-26","19:25:20.814",72.5,73
"361","2023-03-26","19:25:26.403",72.4000015258789,72
"362","2023-03-26","19:25:31.935",72.5,73
"363","2023-03-26","19:25:37.491",72.4000015258789,72
"364","2023-03-26","19:25:43.041",72.5,73
"365","2023-03-26","19:26:05.356",72.3000030517578,72
"366","2023-03-26","19:26:33.067",72.1999969482422,72
"367","2023-03-26","19:26:44.209",72.3000030517578,72
"368","2023-03-26","19:27:06.425",72.1999969482422,72
"369","2023-03-26","19:27:23.145",72.0999984741211,72
"370","2023-03-26","19:28:13.256",72,72
"371","2023-03-26","19:28:24.253",71.9000015258789,72
"372","2023-03-26","19:29:19.805",72,72
"373","2023-03-26","19:29:36.483",71.9000015258789,72
"374","2023-03-26","19:29:42.035",72,72
"375","2023-03-26","19:29:58.748",71.9000015258789,72
"376","2023-03-26","19:30:09.843",71.8000030517578,72
"377","2023-03-26","19:30:15.39",71.9000015258789,72
"378","2023-03-26","19:30:37.625",71.8000030517578,72
"379","2023-03-26","19:30:59.844",71.9000015258789,72
"380","2023-03-26","19:31:10.973",71.8000030517578,72
"381","2023-03-26","19:31:38.834",71.6999969482422,72
"382","2023-03-26","19:32:23.242",71.5999984741211,72
"383","2023-03-26","19:32:39.912",71.6999969482422,72
"384","2023-03-26","19:32:45.527",71.5999984741211,72
"385","2023-03-26","19:32:51.043",71.6999969482422,72
"386","2023-03-26","19:33:02.145",71.8000030517578,72
"387","2023-03-26","19:33:29.98",71.6999969482422,72
"388","2023-03-26","19:33:46.622",71.5999984741211,72
"389","2023-03-26","19:33:52.172",71.6999969482422,72
"390","2023-03-26","19:34:19.95",71.5999984741211,72
"391","2023-03-26","19:34:25.508",71.6999969482422,72
"392","2023-03-26","19:34:31.074",71.5999984741211,72
"393","2023-03-26","19:34:47.758",71.5,72
"394","2023-03-26","19:34:53.336",71.5999984741211,72
"395","2023-03-26","19:34:58.848",71.5,72
"396","2023-03-26","19:36:27.735",71.5999984741211,72
"397","2023-03-26","19:36:44.465",71.5,72
"398","2023-03-26","19:37:23.294",71.5999984741211,72
"399","2023-03-26","19:37:28.855",71.5,72
"400","2023-03-26","19:37:51.097",71.5999984741211,72
"401","2023-03-26","19:37:56.645",71.5,72
"402","2023-03-26","19:38:07.754",71.5999984741211,72
"403","2023-03-26","19:38:13.36",71.5,72
"404","2023-03-26","19:38:18.894",71.5999984741211,72
"405","2023-03-26","19:38:29.984",71.5,72
"406","2023-03-26","19:38:35.544",71.5999984741211,72
"407","2023-03-26","19:38:41.113",71.5,72
"408","2023-03-26","19:38:46.688",71.5999984741211,72
"409","2023-03-26","19:38:52.212",71.5,72
"410","2023-03-26","19:38:57.771",71.5999984741211,72
"411","2023-03-26","19:39:03.343",71.5,72
"412","2023-03-26","19:39:08.895",71.5999984741211,72
"413","2023-03-26","19:41:24.818",71.5999984741211,72
"414","2023-03-26","19:41:24.819",75.5999984741211,76
"415","2023-03-26","19:41:30.408",75.1999969482422,75
"416","2023-03-26","19:41:35.96",74.9000015258789,75
"417","2023-03-26","19:41:41.497",74.5,75
"418","2023-03-26","19:41:47.061",74.3000030517578,74
"419","2023-03-26","19:41:52.62",73.9000015258789,74
"420","2023-03-26","19:41:58.181",73.6999969482422,74
"421","2023-03-26","19:42:03.76",73.5999984741211,74
"422","2023-03-26","19:42:09.291",73.5,74
"423","2023-03-26","19:42:20.429",73.3000030517578,73
"424","2023-03-26","19:42:25.989",73.4000015258789,73
"425","2023-03-26","19:42:37.079",73.0999984741211,73
"426","2023-03-26","19:42:42.661",73,73
"427","2023-03-26","19:42:48.245",72.9000015258789,73
"428","2023-03-26","19:42:59.371",72.6999969482422,73
"429","2023-03-26","19:43:10.423",72.5,73
"430","2023-03-26","19:43:15.981",72.4000015258789,72
"431","2023-03-26","19:43:21.577",72.3000030517578,72
"432","2023-03-26","19:43:32.68",72.0999984741211,72
"433","2023-03-26","19:43:43.782",72,72
"434","2023-03-26","19:43:49.326",71.9000015258789,72
"435","2023-03-26","19:44:00.444",71.8000030517578,72
"436","2023-03-26","19:44:28.269",71.6999969482422,72
"437","2023-03-26","19:44:33.784",71.8000030517578,72
"438","2023-03-26","19:44:39.353",71.6999969482422,72
"439","2023-03-26","19:45:01.573",71.5999984741211,72
"440","2023-03-26","19:45:18.245",71.5,72
"441","2023-03-26","19:45:46.031",71.4000015258789,71
"442","2023-03-26","19:45:57.144",73.5,74
"443","2023-03-26","19:46:02.728",81,81
"444","2023-03-26","19:46:08.312",83.8000030517578,84
"445","2023-03-26","19:46:13.831",84,84
"446","2023-03-26","19:46:19.382",83.8000030517578,84
"447","2023-03-26","19:46:24.934",83.4000015258789,83
"448","2023-03-26","19:46:30.494",82.5,83
"449","2023-03-26","19:46:36.07",81.5999984741211,82
"450","2023-03-26","19:46:41.614",83.1999969482422,83
"451","2023-03-26","19:46:47.173",89.8000030517578,90
"452","2023-03-26","19:46:52.723",93.0999984741211,93
"453","2023-03-26","19:46:58.301",95.3000030517578,95
"454","2023-03-26","19:47:15.042",95.4000015258789,95
"455","2023-03-26","19:47:20.524",95.5,96
"456","2023-03-26","19:47:26.074",95.5999984741211,96
"457","2023-03-26","19:47:31.63",95.1999969482422,95
"458","2023-03-26","19:47:37.198",93.6999969482422,94
"459","2023-03-26","19:47:42.761",93,93
"460","2023-03-26","19:47:48.349",92.8000030517578,93
"461","2023-03-26","19:47:59.433",92,92
"462","2023-03-26","19:48:05.03",91,91
"463","2023-03-26","19:48:10.582",90.5999984741211,91
"464","2023-03-26","19:48:16.121",89,89
"465","2023-03-26","19:48:21.662",87.5,88
"466","2023-03-26","19:48:27.23",86.5,87
"467","2023-03-26","19:48:32.802",85.5999984741211,86
"468","2023-03-26","19:48:38.352",84.5999984741211,85
"469","2023-03-26","19:48:43.922",83.8000030517578,84
"470","2023-03-26","19:48:49.522",83.4000015258789,83
"471","2023-03-26","19:48:55.038",82.8000030517578,83
"472","2023-03-26","19:49:00.583",82.3000030517578,82
"473","2023-03-26","19:49:06.172",81.6999969482422,82
"474","2023-03-26","19:49:11.762",81.3000030517578,81
"475","2023-03-26","19:49:17.269",80.4000015258789,80
"476","2023-03-26","19:49:22.817",79.9000015258789,80
"477","2023-03-26","19:49:28.425",79.3000030517578,79
"478","2023-03-26","19:49:33.918",78.8000030517578,79
"479","2023-03-26","19:49:39.502",78.5,79
"480","2023-03-26","19:49:45.092",78.1999969482422,78
"481","2023-03-26","19:49:56.161",77.9000015258789,78
"482","2023-03-26","19:50:01.749",77.6999969482422,78
"483","2023-03-26","19:50:07.301",77.3000030517578,77
"484","2023-03-26","19:50:12.824",77.1999969482422,77
"485","2023-03-26","19:50:18.407",85.1999969482422,85
"486","2023-03-26","19:50:23.992",93.1999969482422,93
"487","2023-03-26","19:50:29.529",94.3000030517578,94
"488","2023-03-26","19:50:35.081",95.1999969482422,95
"489","2023-03-26","19:50:40.622",96.5999984741211,97
"490","2023-03-26","19:50:51.769",97,97
"491","2023-03-26","19:50:57.302",98,98
"492","2023-03-26","19:51:02.92",98.0999984741211,98
"493","2023-03-26","19:51:08.485",98.5999984741211,99
"494","2023-03-26","19:51:13.981",99.1999969482422,99
"495","2023-03-26","19:51:19.562",98.6999969482422,99
"496","2023-03-26","19:51:25.102",98.8000030517578,99
"497","2023-03-26","19:51:30.706",98.9000015258789,99
"498","2023-03-26","19:51:36.221",98.4000015258789,98
"499","2023-03-26","19:51:41.832",98.5,99
"500","2023-03-26","19:51:47.322",97.5999984741211,98
"501","2023-03-26","19:51:52.901",97.0999984741211,97
"502","2023-03-26","19:51:58.501",96.0999984741211,96
"503","2023-03-26","19:52:04.061",95.1999969482422,95
"504","2023-03-26","19:52:09.609",94.6999969482422,95
"505","2023-03-26","19:52:15.181",93.8000030517578,94
"506","2023-03-26","19:52:20.741",93.1999969482422,93
"507","2023-03-26","19:52:26.241",91.8000030517578,92
"508","2023-03-26","19:52:31.822",91.1999969482422,91
"509","2023-03-26","19:52:37.421",90.5,91
"510","2023-03-26","19:52:42.921",89.5999984741211,90
"511","2023-03-26","19:52:48.545",88.5999984741211,89
"512","2023-03-26","19:52:54.041",87.6999969482422,88
"513","2023-03-26","19:52:59.657",86.6999969482422,87
"514","2023-03-26","19:53:05.185",85.9000015258789,86
"515","2023-03-26","19:53:10.741",84.9000015258789,85
"516","2023-03-26","19:53:16.29",84.3000030517578,84
"517","2023-03-26","19:53:21.855",83.5,84
"518","2023-03-26","19:53:27.372",83,83
"519","2023-03-26","19:53:32.962",82.5,83
"520","2023-03-26","19:53:38.572",81.9000015258789,82
"521","2023-03-26","19:53:44.138",81.5,82
"522","2023-03-26","19:53:49.65",81,81
"523","2023-03-26","19:53:55.211",80.5,81
"524","2023-03-26","19:54:00.791",80,80
"525","2023-03-26","19:54:06.35",79.5,80
"526","2023-03-26","19:54:11.91",79,79
"527","2023-03-26","19:54:17.462",78.6999969482422,79
"528","2023-03-26","19:54:23.03",78.4000015258789,78
"529","2023-03-26","19:54:28.601",78,78
"530","2023-03-26","19:54:34.158",77.8000030517578,78
"531","2023-03-26","19:54:39.699",77.4000015258789,77
"532","2023-03-26","19:54:45.258",77.3000030517578,77
"533","2023-03-26","19:54:50.803",77,77
"534","2023-03-26","19:54:56.342",76.9000015258789,77
"535","2023-03-26","19:55:01.931",76.6999969482422,77
"536","2023-03-26","19:55:07.49",76.5,77
"537","2023-03-26","19:55:13.05",76.3000030517578,76
"538","2023-03-26","19:55:18.598",76.1999969482422,76
"539","2023-03-26","19:55:24.11",76,76
"540","2023-03-26","19:55:35.27",75.9000015258789,76
"541","2023-03-26","19:55:40.802",75.6999969482422,76
"542","2023-03-26","19:55:51.922",75.5999984741211,76
"543","2023-03-26","19:55:57.47",75.5,76
"544","2023-03-26","19:56:08.641",75.4000015258789,75
"545","2023-03-26","19:56:14.07",75.3000030517578,75
"546","2023-03-26","19:56:19.662",75.1999969482422,75
"547","2023-03-26","19:56:30.891",75,75
"548","2023-03-26","19:56:41.947",75.0999984741211,75
"549","2023-03-26","19:56:47.483",75,75
"550","2023-03-26","19:56:53.051",74.9000015258789,75
"551","2023-03-26","19:57:04.263",74.8000030517578,75
"552","2023-03-26","19:57:15.27",74.6999969482422,75
"553","2023-03-26","19:57:20.83",74.5999984741211,75
"554","2023-03-26","19:57:43.022",74.5,75
"555","2023-03-26","19:57:54.188",74.4000015258789,74
"556","2023-03-26","19:58:07.006",74.3000030517578,74
"557","2023-03-26","19:58:16.366",74.1999969482422,74
"558","2023-03-26","19:58:33.285",74.0999984741211,74
"559","2023-03-26","19:59:12.04",74,74
"560","2023-03-26","19:59:17.481",74.0999984741211,74
"561","2023-03-26","19:59:23.034",74,74
"562","2023-03-26","19:59:56.58",73.9000015258789,74
"563","2023-03-26","20:00:01.921",73.8000030517578,74
"564","2023-03-26","20:00:07.493",73.9000015258789,74
"565","2023-03-26","20:00:13.025",73.8000030517578,74
"566","2023-03-26","20:02:09.848",73.6999969482422,74
"567","2023-03-26","20:02:15.183",73.8000030517578,74
"568","2023-03-26","20:02:20.777",73.6999969482422,74
"569","2023-03-26","20:03:21.921",73.5999984741211,74
"570","2023-03-26","20:03:27.417",73.6999969482422,74
"571","2023-03-26","20:03:32.985",73.5999984741211,74
"572","2023-03-26","20:03:38.525",73.6999969482422,74
"573","2023-03-26","20:03:44.077",73.5999984741211,74
"574","2023-03-26","20:03:55.177",73.6999969482422,74
"575","2023-03-26","20:04:06.42",73.5999984741211,74
"576","2023-03-26","20:04:11.857",73.6999969482422,74
"577","2023-03-26","20:04:23.095",73.5999984741211,74
"578","2023-03-26","20:04:34.207",73.5,74
"579","2023-03-26","20:04:39.663",73.6999969482422,74
"580","2023-03-26","20:04:45.212",73.5,74
"581","2023-03-26","20:05:07.584",73.5999984741211,74
"582","2023-03-26","20:05:12.954",73.5,74
"583","2023-03-26","20:05:24.203",73.5999984741211,74
"584","2023-03-26","20:05:29.649",73.5,74
"585","2023-03-26","20:05:35.2",73.5999984741211,74
"586","2023-03-26","20:05:40.76",73.5,74
"587","2023-03-26","20:05:51.988",73.6999969482422,74
"588","2023-03-26","20:06:03.082",73.5999984741211,74
"589","2023-03-26","20:06:25.152",73.6999969482422,74
"590","2023-03-26","20:06:30.687",73.9000015258789,74
"591","2023-03-26","20:06:36.299",74.1999969482422,74
"592","2023-03-26","20:06:41.84",74.4000015258789,74
"593","2023-03-26","20:06:47.354",74.6999969482422,75
"594","2023-03-26","20:06:52.911",74.9000015258789,75
"595","2023-03-26","20:07:04.027",74.6999969482422,75
"596","2023-03-26","20:07:15.16",74.5999984741211,75
"597","2023-03-26","20:07:20.77",74.4000015258789,74
"598","2023-03-26","20:07:31.821",74.1999969482422,74
"599","2023-03-26","20:07:37.403",74.0999984741211,74
"600","2023-03-26","20:07:48.487",74.3000030517578,74
"601","2023-03-26","20:07:54.069",74.1999969482422,74
"602","2023-03-26","20:08:05.176",74.0999984741211,74
"603","2023-03-26","20:08:21.917",74,74
"604","2023-03-26","20:08:27.408",74.1999969482422,74
"605","2023-03-26","20:08:32.945",74.0999984741211,74
"606","2023-03-26","20:08:49.636",74,74
"607","2023-03-26","20:09:17.391",73.9000015258789,74
"608","2023-03-26","20:09:22.958",74,74
"609","2023-03-26","20:09:28.531",73.9000015258789,74
"610","2023-03-26","20:09:34.089",74,74
"611","2023-03-26","20:09:45.198",73.8000030517578,74
"612","2023-03-26","20:09:56.3",73.5999984741211,74
"613","2023-03-26","20:10:01.917",73.5,74
"614","2023-03-26","20:10:12.98",73.5999984741211,74
"615","2023-03-26","20:10:18.548",73.4000015258789,73
"616","2023-03-26","20:10:24.101",73.3000030517578,73
"617","2023-03-26","20:10:29.66",73.0999984741211,73
"618","2023-03-26","20:10:35.229",72.8000030517578,73
"619","2023-03-26","20:10:40.76",72.6999969482422,73
"620","2023-03-26","20:11:02.99",72.5999984741211,73
"621","2023-03-26","20:11:08.542",72.8000030517578,73
"622","2023-03-26","20:11:25.241",72.9000015258789,73
"623","2023-03-26","20:11:36.392",72.4000015258789,72
"624","2023-03-26","20:11:41.945",69.4000015258789,69
"625","2023-03-26","20:11:47.441",66.6999969482422,67
"626","2023-03-26","20:11:53.026",64.4000015258789,64
"627","2023-03-26","20:11:58.578",62.7999992370605,63
"628","2023-03-26","20:12:04.126",62.0999984741211,62
"629","2023-03-26","20:12:09.698",63.0999984741211,63
"630","2023-03-26","20:12:15.265",65.1999969482422,65
"631","2023-03-26","20:12:20.818",67.5,68
"632","2023-03-26","20:12:26.389",69.1999969482422,69
"633","2023-03-26","20:12:31.939",70.5999984741211,71
"634","2023-03-26","20:12:37.453",71.5999984741211,72
"635","2023-03-26","20:12:43.037",72.4000015258789,72
"636","2023-03-26","20:12:48.598",73.1999969482422,73
"637","2023-03-26","20:12:54.157",73.4000015258789,73
"638","2023-03-26","20:12:59.718",73.6999969482422,74
"639","2023-03-26","20:13:05.257",74,74
"640","2023-03-26","20:13:10.817",74.1999969482422,74
"641","2023-03-26","20:13:16.538",74.4000015258789,74
"642","2023-03-26","20:13:21.98",74.5999984741211,75
"643","2023-03-26","20:13:27.506",74.6999969482422,75
"644","2023-03-26","20:13:38.606",74.9000015258789,75
"645","2023-03-26","20:13:55.286",74.8000030517578,75
"646","2023-03-26","20:14:00.826",74.6999969482422,75
"647","2023-03-26","20:14:06.401",74.5999984741211,75
"648","2023-03-26","20:14:17.537",74.3000030517578,74
"649","2023-03-26","20:14:23.027",74.1999969482422,74
"650","2023-03-26","20:14:28.606",74,74
"651","2023-03-26","20:15:07.496",74.3000030517578,74
"652","2023-03-26","20:15:13.055",74.5,75
"653","2023-03-26","20:15:24.156",83,83
"654","2023-03-26","20:15:29.727",85.6999969482422,86
"655","2023-03-26","20:15:35.302",86.6999969482422,87
"656","2023-03-26","20:15:40.847",89.4000015258789,89
"657","2023-03-26","20:15:46.388",89.6999969482422,90
"658","2023-03-26","20:15:51.946",89.4000015258789,89
"659","2023-03-26","20:15:57.498",88.8000030517578,89
"660","2023-03-26","20:16:03.073",87.5999984741211,88
"661","2023-03-26","20:16:08.627",86.5999984741211,87
"662","2023-03-26","20:16:14.178",85.8000030517578,86
"663","2023-03-26","20:16:19.727",84.5999984741211,85
"664","2023-03-26","20:16:25.328",83.5999984741211,84
"665","2023-03-26","20:16:30.868",82.6999969482422,83
"666","2023-03-26","20:16:36.459",82,82
"667","2023-03-26","20:16:42.029",81.1999969482422,81
"668","2023-03-26","20:16:47.528",80.3000030517578,80
"669","2023-03-26","20:16:53.072",79.6999969482422,80
"670","2023-03-26","20:16:58.639",79,79
"671","2023-03-26","20:17:04.202",78.4000015258789,78
"672","2023-03-26","20:17:09.762",78,78
"673","2023-03-26","20:17:15.306",77.5,78
"674","2023-03-26","20:17:20.864",77.0999984741211,77
"675","2023-03-26","20:17:26.44",76.6999969482422,77
"676","2023-03-26","20:17:31.992",76.5,77
"677","2023-03-26","20:17:43.108",76.0999984741211,76
"678","2023-03-26","20:17:48.659",75.8000030517578,76
"679","2023-03-26","20:17:54.221",75.6999969482422,76
"680","2023-03-26","20:18:05.361",75.8000030517578,76
"681","2023-03-26","20:18:10.914",76,76
"682","2023-03-26","20:18:16.473",76.0999984741211,76
"683","2023-03-26","20:18:22.097",75.9000015258789,76
"684","2023-03-26","20:18:27.601",75.6999969482422,76
"685","2023-03-26","20:18:33.153",75.4000015258789,75
"686","2023-03-26","20:18:38.742",75.3000030517578,75
"687","2023-03-26","20:18:44.282",75.0999984741211,75
"688","2023-03-26","20:18:49.842",74.9000015258789,75
"689","2023-03-26","20:19:00.962",75.4000015258789,75
"690","2023-03-26","20:19:06.503",79.8000030517578,80
"691","2023-03-26","20:19:12.062",84.5,85
"692","2023-03-26","20:19:17.624",86.5,87
"693","2023-03-26","20:19:23.174",86.4000015258789,86
"694","2023-03-26","20:19:34.264",85.9000015258789,86
"695","2023-03-26","20:19:39.841",85.1999969482422,85
"696","2023-03-26","20:19:45.383",84.0999984741211,84
"697","2023-03-26","20:19:50.934",83.5,84
"698","2023-03-26","20:19:56.501",82.6999969482422,83
"699","2023-03-26","20:20:02.129",81.6999969482422,82
"700","2023-03-26","20:20:07.655",81.0999984741211,81
"701","2023-03-26","20:20:13.204",80.1999969482422,80
"702","2023-03-26","20:20:18.772",79.4000015258789,79
"703","2023-03-26","20:20:24.292",78.6999969482422,79
"704","2023-03-26","20:20:29.864",78.1999969482422,78
"705","2023-03-26","20:20:35.424",77.6999969482422,78
"706","2023-03-26","20:20:40.959",77.1999969482422,77
"707","2023-03-26","20:20:46.513",76.6999969482422,77
"708","2023-03-26","20:20:52.104",76.5,77
"709","2023-03-26","20:20:57.665",76.0999984741211,76
"710","2023-03-26","20:21:03.224",75.8000030517578,76
"711","2023-03-26","20:21:08.764",75.5999984741211,76
"712","2023-03-26","20:21:14.344",75.4000015258789,75
"713","2023-03-26","20:21:19.87",75.1999969482422,75
"714","2023-03-26","20:21:25.42",74.9000015258789,75
"715","2023-03-26","20:21:30.978",74.6999969482422,75
"716","2023-03-26","20:21:36.549",74.5999984741211,75
"717","2023-03-26","20:21:42.227",74.3000030517578,74
"718","2023-03-26","20:21:47.657",74.1999969482422,74
"719","2023-03-26","20:21:53.226",74.0999984741211,74
"720","2023-03-26","20:21:58.769",73.9000015258789,74
"721","2023-03-26","20:22:09.883",74.8000030517578,75
"722","2023-03-26","20:22:21.009",74.5999984741211,75
"723","2023-03-26","20:22:26.558",74.4000015258789,74
"724","2023-03-26","20:22:32.119",74.1999969482422,74
"725","2023-03-26","20:22:37.686",74,74
"726","2023-03-26","20:22:43.235",73.9000015258789,74
"727","2023-03-26","20:22:48.831",73.8000030517578,74
"728","2023-03-26","20:22:54.352",74.4000015258789,74
"729","2023-03-26","20:22:59.94",74.6999969482422,75
"730","2023-03-26","20:23:05.466",74.4000015258789,74
"731","2023-03-26","20:23:11.026",74,74
"732","2023-03-26","20:23:16.617",73.6999969482422,74
"733","2023-03-26","20:23:22.181",73.4000015258789,73
"734","2023-03-26","20:23:27.713",73.9000015258789,74
"735","2023-03-26","20:23:33.267",73.6999969482422,74
"736","2023-03-26","20:23:38.819",73.5,74
"737","2023-03-26","20:23:44.381",73.3000030517578,73
"738","2023-03-26","20:23:49.933",73.0999984741211,73
"739","2023-03-26","20:24:01.053",73.3000030517578,73
"740","2023-03-26","20:24:06.639",73.4000015258789,73
"741","2023-03-26","20:24:12.171",73.5999984741211,74
"742","2023-03-26","20:24:28.875",73.5,74
"743","2023-03-26","20:24:34.447",73.3000030517578,73
"744","2023-03-26","20:24:39.973",73.5999984741211,74
"745","2023-03-26","20:24:45.547",73.6999969482422,74
"746","2023-03-26","20:24:51.065",73.5,74
"747","2023-03-26","20:24:56.623",73.8000030517578,74
"748","2023-03-26","20:25:07.845",73.5999984741211,74
"749","2023-03-26","20:25:18.859",73.4000015258789,73
"750","2023-03-26","20:25:24.415",73.9000015258789,74
"751","2023-03-26","20:25:29.982",74.6999969482422,75
"752","2023-03-26","20:25:35.524",75.1999969482422,75
"753","2023-03-26","20:25:41.085",75.5,76
"754","2023-03-26","20:25:46.665",75.6999969482422,76
"755","2023-03-26","20:25:52.406",75.8000030517578,76
"756","2023-03-26","20:25:57.769",76,76
"757","2023-03-26","20:26:03.356",75.9000015258789,76
"758","2023-03-26","20:26:08.878",75.5999984741211,76
"759","2023-03-26","20:26:14.44",75.1999969482422,75
"760","2023-03-26","20:26:19.999",75.5,76
"761","2023-03-26","20:26:36.668",75.3000030517578,75
"762","2023-03-26","20:26:42.296",75.4000015258789,75
"763","2023-03-26","20:26:47.783",75.0999984741211,75
"764","2023-03-26","20:26:53.356",75,75
"765","2023-03-26","20:26:58.896",74.9000015258789,75
"766","2023-03-26","20:27:04.467",75.0999984741211,75
"767","2023-03-26","20:27:10.058",75.3000030517578,75
"768","2023-03-26","20:27:15.57",75.0999984741211,75
"769","2023-03-26","20:27:21.133",74.8000030517578,75
"770","2023-03-26","20:27:26.766",74.4000015258789,74
"771","2023-03-26","20:27:32.267",74,74
"772","2023-03-26","20:27:43.401",74.0999984741211,74
"773","2023-03-26","20:27:54.521",73.9000015258789,74
"774","2023-03-26","20:28:00.042",73.5999984741211,74
"775","2023-03-26","20:28:11.23",73.8000030517578,74
"776","2023-03-26","20:28:22.365",73.9000015258789,74
"777","2023-03-26","20:28:27.85",73.6999969482422,74
"778","2023-03-26","20:28:33.402",73.5999984741211,74
"779","2023-03-26","20:28:38.991",74,74
"780","2023-03-26","20:28:44.522",73.8000030517578,74
"781","2023-03-26","20:28:50.114",73.5999984741211,74
"782","2023-03-26","20:28:55.649",73.4000015258789,73
"783","2023-03-26","20:29:01.249",73.5,74
"784","2023-03-26","20:29:06.761",73.3000030517578,73
"785","2023-03-26","20:29:12.301",73.1999969482422,73
"786","2023-03-26","20:29:17.912",73,73
"787","2023-03-26","20:29:23.422",73.5999984741211,74
"788","2023-03-26","20:29:28.99",73.9000015258789,74
"789","2023-03-26","20:29:34.549",73.8000030517578,74
"790","2023-03-26","20:29:40.161",73.5,74
"791","2023-03-26","20:29:45.661",73.4000015258789,73
"792","2023-03-26","20:29:51.202",73.6999969482422,74
"793","2023-03-26","20:29:56.761",74.3000030517578,74
"794","2023-03-26","20:30:02.385",74.0999984741211,74
"795","2023-03-26","20:30:07.902",73.5999984741211,74
"796","2023-03-26","20:30:13.435",73.3000030517578,73
"797","2023-03-26","20:30:19.002",73.4000015258789,73
"798","2023-03-26","20:30:24.582",73.6999969482422,74
"799","2023-03-26","20:30:35.738",73.5,74
"800","2023-03-26","20:30:41.24",73.4000015258789,73
"801","2023-03-26","20:31:03.928",73.1999969482422,73
"802","2023-03-26","20:31:09.04",73,73
"803","2023-03-26","20:31:14.565",72.8000030517578,73
"804","2023-03-26","20:31:20.168",72.5999984741211,73
"805","2023-03-26","20:31:25.676",73,73
"806","2023-03-26","20:31:31.268",73.4000015258789,73
"807","2023-03-26","20:31:36.821",73.1999969482422,73
"808","2023-03-26","20:31:42.388",73.3000030517578,73
"809","2023-03-26","20:31:47.947",73.9000015258789,74
"810","2023-03-26","20:31:53.508",74.0999984741211,74
"811","2023-03-26","20:32:04.62",74.4000015258789,74
"812","2023-03-26","20:32:15.757",74.3000030517578,74
"813","2023-03-26","20:32:21.312",74.1999969482422,74
"814","2023-03-26","20:32:26.822",74.0999984741211,74
"815","2023-03-26","20:32:32.381",73.8000030517578,74
"816","2023-03-26","20:32:37.944",73.5,74
"817","2023-03-26","20:32:43.504",73.4000015258789,73
"818","2023-03-26","20:32:49.07",73.0999984741211,73
"819","2023-03-26","20:32:54.641",72.8000030517578,73
"820","2023-03-26","20:33:00.21",72.5,73
"821","2023-03-26","20:33:05.735",72.3000030517578,72
"822","2023-03-26","20:33:16.847",72.4000015258789,72
"823","2023-03-26","20:33:22.419",72.5,73
"824","2023-03-26","20:33:33.519",72.4000015258789,72
"825","2023-03-26","20:33:39.077",72.1999969482422,72
"826","2023-03-26","20:33:50.196",72,72
"827","2023-03-26","20:33:55.805",72.4000015258789,72
"828","2023-03-26","20:34:01.342",73,73
"829","2023-03-26","20:34:12.444",72.6999969482422,73
"830","2023-03-26","20:34:18.01",72.5999984741211,73
"831","2023-03-26","20:34:23.537",72.4000015258789,72
"832","2023-03-26","20:34:29.097",72.0999984741211,72
"833","2023-03-26","20:34:34.657",72,72
"834","2023-03-26","20:34:40.216",71.8000030517578,72
"835","2023-03-26","20:34:51.357",71.5999984741211,72
"836","2023-03-26","20:34:56.917",71.5,72
"837","2023-03-26","20:35:08.02",71.5999984741211,72
"838","2023-03-26","20:35:13.56",71.5,72
"839","2023-03-26","20:35:19.11",72,72
"840","2023-03-26","20:35:24.67",72.4000015258789,72
"841","2023-03-26","20:35:30.23",72.8000030517578,73
"842","2023-03-26","20:35:35.865",72.5999984741211,73
"843","2023-03-26","20:35:41.367",72.5,73
"844","2023-03-26","20:35:46.948",72.5999984741211,73
"845","2023-03-26","20:35:52.456",72.5,73
"846","2023-03-26","20:36:03.618",72.1999969482422,72
"847","2023-03-26","20:36:09.14",73,73
"848","2023-03-26","20:36:14.687",72.9000015258789,73
"849","2023-03-26","20:36:20.268",72.8000030517578,73
"850","2023-03-26","20:36:25.818",72.6999969482422,73
"851","2023-03-26","20:36:31.37",72.9000015258789,73
"852","2023-03-26","20:36:36.925",73,73
"853","2023-03-26","20:36:42.517",72.9000015258789,73
"854","2023-03-26","20:36:48.049",72.5999984741211,73
"855","2023-03-26","20:36:53.615",72.4000015258789,72
"856","2023-03-26","20:36:59.175",72.3000030517578,72
"857","2023-03-26","20:37:04.734",72.4000015258789,72
"858","2023-03-26","20:37:10.306",72.5,73
"859","2023-03-26","20:37:15.938",72.5999984741211,73
"860","2023-03-26","20:37:21.418",72.6999969482422,73
"861","2023-03-26","20:37:26.948",72.8000030517578,73
"862","2023-03-26","20:37:32.511",73.0999984741211,73
"863","2023-03-26","20:37:38.096",73.1999969482422,73
"864","2023-03-26","20:37:49.178",73,73
"865","2023-03-26","20:38:00.324",72.6999969482422,73
"866","2023-03-26","20:38:05.853",72.4000015258789,72
"867","2023-03-26","20:38:11.422",72.3000030517578,72
"868","2023-03-26","20:38:28.082",72.1999969482422,72
"869","2023-03-26","20:38:33.652",72.3000030517578,72
"870","2023-03-26","20:38:39.229",72.5,73
"871","2023-03-26","20:38:50.337",73,73
"872","2023-03-26","20:38:55.953",72.5999984741211,73
"873","2023-03-26","20:39:01.449",72.8000030517578,73
"874","2023-03-26","20:39:07.029",73.1999969482422,73
"875","2023-03-26","20:39:12.569",73,73
"876","2023-03-26","20:39:18.102",72.9000015258789,73
"877","2023-03-26","20:39:23.689",73,73
"878","2023-03-26","20:39:29.232",72.6999969482422,73
"879","2023-03-26","20:39:34.789",72.4000015258789,72
"880","2023-03-26","20:39:51.457",72.1999969482422,72
"881","2023-03-26","20:39:57.013",72.0999984741211,72
"882","2023-03-26","20:40:02.561",72,72
"883","2023-03-26","20:40:19.293",71.8000030517578,72
"884","2023-03-26","20:40:24.82",71.6999969482422,72
"885","2023-03-26","20:40:30.38",71.5999984741211,72
"886","2023-03-26","20:40:35.99",72,72
"887","2023-03-26","20:40:47.08",72.0999984741211,72
"888","2023-03-26","20:40:52.627",72,72
"889","2023-03-26","20:41:03.694",71.8000030517578,72
"890","2023-03-26","20:41:37.027",71.6999969482422,72
"891","2023-03-26","20:41:42.587",71.8000030517578,72
"892","2023-03-26","20:41:48.152",72,72
"893","2023-03-26","20:41:53.701",72.0999984741211,72
"894","2023-03-26","20:41:59.272",72,72
"895","2023-03-26","20:42:21.521",72.1999969482422,72
"896","2023-03-26","20:42:38.161",72.4000015258789,72
"897","2023-03-26","20:42:49.268",72.6999969482422,73
"898","2023-03-26","20:42:54.852",72.8000030517578,73
"899","2023-03-26","20:43:00.382",72.6999969482422,73
"900","2023-03-26","20:43:05.942",72.8000030517578,73
"901","2023-03-26","20:43:11.501",72.9000015258789,73
"902","2023-03-26","20:43:22.63",73,73
"903","2023-03-26","20:43:28.199",73.1999969482422,73
"904","2023-03-26","20:43:33.757",73.3000030517578,73
"905","2023-03-26","20:43:44.859",73.5,74
"906","2023-03-26","20:43:50.398",73.6999969482422,74
"907","2023-03-26","20:43:56.012",73.8000030517578,74
"908","2023-03-26","20:44:01.525",73.5999984741211,74
"909","2023-03-26","20:44:07.082",73.3000030517578,73
"910","2023-03-26","20:44:12.659",73.5999984741211,74
"911","2023-03-26","20:44:18.21",73.4000015258789,73
"912","2023-03-26","20:44:23.762",73.5,74
"913","2023-03-26","20:44:29.346",73.5999984741211,74
"914","2023-03-26","20:44:40.442",73.3000030517578,73
"915","2023-03-26","20:44:45.993",73.5,74
"916","2023-03-26","20:44:51.59",73.3000030517578,73
"917","2023-03-26","20:44:57.105",73,73
"918","2023-03-26","20:45:08.231",72.9000015258789,73
"919","2023-03-26","20:45:13.778",72.5999984741211,73
"920","2023-03-26","20:45:19.341",72.4000015258789,72
"921","2023-03-26","20:45:24.901",72.6999969482422,73
"922","2023-03-26","20:45:30.492",72.8000030517578,73
"923","2023-03-26","20:45:36.052",72.5999984741211,73
"924","2023-03-26","20:45:41.569",73,73
"925","2023-03-26","20:45:47.147",72.9000015258789,73
"926","2023-03-26","20:45:58.259",73,73
"927","2023-03-26","20:46:03.806",73.3000030517578,73
"928","2023-03-26","20:46:09.372",73.4000015258789,73
"929","2023-03-26","20:46:14.922",73.3000030517578,73
"930","2023-03-26","20:46:26.048",73.4000015258789,73
"931","2023-03-26","20:46:31.627",73.3000030517578,73
"932","2023-03-26","20:46:37.162",73.6999969482422,74
"933","2023-03-26","20:46:42.722",73.5,74
"934","2023-03-26","20:46:48.274",73.1999969482422,73
"935","2023-03-26","20:46:53.851",73,73
"936","2023-03-26","20:46:59.401",72.6999969482422,73
"937","2023-03-26","20:47:04.959",72.5,73
"938","2023-03-26","20:47:16.113",72.4000015258789,72
"939","2023-03-26","20:47:21.622",72.5,73
"940","2023-03-26","20:47:27.222",72.1999969482422,72
"941","2023-03-26","20:47:43.86",72.5999984741211,73
"942","2023-03-26","20:47:49.412",72.6999969482422,73
"943","2023-03-26","20:47:55.002",73.0999984741211,73
"944","2023-03-26","20:48:06.09",73,73
"945","2023-03-26","20:48:17.218",73.0999984741211,73
"946","2023-03-26","20:48:22.752",73,73
"947","2023-03-26","20:48:28.303",72.8000030517578,73
"948","2023-03-26","20:48:33.901",72.5,73
"949","2023-03-26","20:48:39.423",72.4000015258789,72
"950","2023-03-26","20:48:45.003",72.1999969482422,72
"951","2023-03-26","20:48:56.149",72,72
"952","2023-03-26","20:49:07.218",71.8000030517578,72
"953","2023-03-26","20:49:18.359",71.9000015258789,72
"954","2023-03-26","20:49:23.899",71.8000030517578,72
"955","2023-03-26","20:49:29.481",71.6999969482422,72
"956","2023-03-26","20:49:46.128",71.5999984741211,72
"957","2023-03-26","20:50:08.348",71.6999969482422,72
"958","2023-03-26","20:50:47.247",71.5999984741211,72
"959","2023-03-26","20:50:52.8",71.6999969482422,72
"960","2023-03-26","20:51:31.708",71.8000030517578,72
"961","2023-03-26","20:51:37.259",71.6999969482422,72
"962","2023-03-26","20:51:42.827",71.8000030517578,72
"963","2023-03-26","20:51:48.362",71.9000015258789,72
"964","2023-03-26","20:52:10.6",72,72
"965","2023-03-26","20:52:16.181",71.9000015258789,72
"966","2023-03-26","20:52:21.702",72,72
"967","2023-03-26","20:55:02.868",71.9000015258789,72
"968","2023-03-26","20:55:41.722",72,72
"969","2023-03-26","20:55:47.272",71.9000015258789,72
"970","2023-03-26","20:56:03.942",71.8000030517578,72
"971","2023-03-26","20:56:09.502",71.9000015258789,72
"972","2023-03-26","20:56:15.062",71.8000030517578,72
"973","2023-03-26","20:56:59.527",71.9000015258789,72
"974","2023-03-26","20:57:10.872",71.8000030517578,72
"975","2023-03-26","20:57:16.202",71.9000015258789,72
"976","2023-03-26","20:57:44.167",72,72
"977","2023-03-26","20:57:49.543",71.9000015258789,72
"978","2023-03-26","20:57:55.107",72,72
"979","2023-03-26","20:58:00.667",71.9000015258789,72
"980","2023-03-26","20:58:06.212",72,72
"981","2023-03-26","21:01:59.848",72.0999984741211,72
"982","2023-03-26","21:02:10.897",72,72
"983","2023-03-26","21:02:32.922",72.0999984741211,72
"984","2023-03-26","21:02:38.487",72.1999969482422,72
"985","2023-03-26","21:02:44.06",72.0999984741211,72
"986","2023-03-26","21:02:49.607",72.1999969482422,72
"987","2023-03-26","21:02:55.152",72.0999984741211,72
"988","2023-03-26","21:03:11.963",72.1999969482422,72
"989","2023-03-26","21:03:17.404",72.0999984741211,72
"990","2023-03-26","21:03:45.205",72.1999969482422,72
"991","2023-03-26","21:04:12.939",72.3000030517578,72
"992","2023-03-26","21:04:24.067",72.1999969482422,72
"993","2023-03-26","21:04:29.643",72.3000030517578,72
"994","2023-03-26","21:04:35.2",72.1999969482422,72
"995","2023-03-26","21:04:40.755",72.3000030517578,72
"996","2023-03-26","21:04:46.315",72.1999969482422,72
"997","2023-03-26","21:04:57.423",72.3000030517578,72
"998","2023-03-26","21:05:03.036",72.1999969482422,72
"999","2023-03-26","21:05:14.111",72.3000030517578,72
"1000","2023-03-26","21:06:59.682",72.4000015258789,72
"1001","2023-03-26","21:07:05.232",72.3000030517578,72
"1002","2023-03-26","21:07:10.792",72.4000015258789,72
"1003","2023-03-26","21:07:27.473",72.3000030517578,72
"1004","2023-03-26","21:07:33.027",72.4000015258789,72
"1005","2023-03-26","21:08:17.477",72.5,73
"1006","2023-03-26","21:08:28.632",72.4000015258789,72
"1007","2023-03-26","21:08:34.152",72.5,73
"1008","2023-03-26","21:09:07.494",72.4000015258789,72
"1009","2023-03-26","21:09:13.042",72.5,73
"1010","2023-03-26","21:11:31.98",72.5999984741211,73
"1011","2023-03-26","21:11:37.499",72.5,73
"1012","2023-03-26","21:11:59.75",72.5999984741211,73
"1013","2023-03-26","21:12:16.434",72.5,73
"1014","2023-03-26","21:12:33.089",72.5999984741211,73
"1015","2023-03-26","21:13:06.669",72.5,73
"1016","2023-03-26","21:13:11.987",72.5999984741211,73
"1017","2023-03-26","21:15:42.06",72.6999969482422,73
"1018","2023-03-26","21:15:53.122",72.5999984741211,73
"1019","2023-03-26","21:15:58.672",72.6999969482422,73
"1020","2023-03-26","21:16:04.237",72.5999984741211,73
"1021","2023-03-26","21:16:09.792",72.6999969482422,73
"1022","2023-03-26","21:16:20.912",72.5999984741211,73
"1023","2023-03-26","21:16:26.462",72.6999969482422,73
"1024","2023-03-26","21:16:43.143",72.5999984741211,73
"1025","2023-03-26","21:16:48.692",72.6999969482422,73
"1026","2023-03-26","21:18:12.072",72.8000030517578,73
"1027","2023-03-26","21:18:17.586",72.6999969482422,73
"1028","2023-03-26","21:19:07.62",72.8000030517578,73
"1029","2023-03-26","21:19:13.179",72.6999969482422,73
"1030","2023-03-26","21:19:35.46",72.8000030517578,73
"1031","2023-03-26","21:19:40.977",72.6999969482422,73
"1032","2023-03-26","21:20:19.872",72.8000030517578,73
"1033","2023-03-26","21:20:25.431",72.6999969482422,73
"1034","2023-03-26","21:20:30.991",72.8000030517578,73
"1035","2023-03-26","21:20:36.55",72.6999969482422,73
"1036","2023-03-26","21:20:42.11",72.8000030517578,73
"1037","2023-03-26","21:20:47.65",72.6999969482422,73
"1038","2023-03-26","21:20:58.896",72.8000030517578,73
"1039","2023-03-26","21:21:09.952",72.6999969482422,73
"1040","2023-03-26","21:21:15.451",72.8000030517578,73
"1041","2023-03-26","21:21:21.01",72.6999969482422,73
"1042","2023-03-26","21:21:26.571",72.8000030517578,73
"1043","2023-03-26","21:22:38.824",72.6999969482422,73
"1044","2023-03-26","21:22:44.375",72.8000030517578,73
"1045","2023-03-26","21:22:49.956",72.6999969482422,73
"1046","2023-03-26","21:22:55.506",72.8000030517578,73
"1047","2023-03-26","21:23:06.595",72.6999969482422,73
"1048","2023-03-26","21:23:12.135",72.8000030517578,73
"1049","2023-03-26","21:23:51.043",72.6999969482422,73
"1050","2023-03-26","21:24:07.828",72.8000030517578,73
"1051","2023-03-26","21:24:18.829",72.6999969482422,73
"1052","2023-03-26","21:25:31.165",72.5999984741211,73
"1053","2023-03-26","21:25:42.158",72.6999969482422,73
"1054","2023-03-26","21:25:58.854",72.5999984741211,73
"1055","2023-03-26","21:26:04.415",72.6999969482422,73
"1056","2023-03-26","21:26:15.526",72.5999984741211,73
"1057","2023-03-26","21:26:26.646",72.6999969482422,73
"1058","2023-03-26","21:26:32.207",72.5999984741211,73
"1059","2023-03-26","21:26:37.755",72.6999969482422,73
"1060","2023-03-26","21:26:48.886",72.5999984741211,73
"1061","2023-03-26","21:27:05.547",72.6999969482422,73
"1062","2023-03-26","21:27:11.107",72.5999984741211,73
"1063","2023-03-26","21:27:16.667",72.6999969482422,73
"1064","2023-03-26","21:27:33.347",72.5999984741211,73
"1065","2023-03-26","21:27:38.906",72.6999969482422,73
"1066","2023-03-26","21:28:45.749",72.8000030517578,73
"1067","2023-03-26","21:28:51.138",72.6999969482422,73
"1068","2023-03-26","21:29:18.938",72.8000030517578,73
"1069","2023-03-26","21:29:41.285",72.6999969482422,73
"1070","2023-03-26","21:29:58.018",72.8000030517578,73
"1071","2023-03-26","21:30:03.421",72.6999969482422,73
"1072","2023-03-26","21:30:25.604",72.8000030517578,73
"1073","2023-03-26","21:30:47.864",72.6999969482422,73
"1074","2023-03-26","21:30:53.395",72.8000030517578,73
"1075","2023-03-26","21:30:58.955",72.6999969482422,73
"1076","2023-03-26","21:31:10.076",72.8000030517578,73
"1077","2023-03-26","21:31:15.644",72.6999969482422,73
"1078","2023-03-26","21:32:44.572",72.5999984741211,73
"1079","2023-03-26","21:32:50.125",72.6999969482422,73
"1080","2023-03-26","21:33:01.245",72.5999984741211,73
"1081","2023-03-26","21:33:12.345",72.6999969482422,73
"1082","2023-03-26","21:33:17.904",72.5999984741211,73
"1083","2023-03-26","21:33:40.153",72.9000015258789,73
"1084","2023-03-26","21:34:30.147",73,73
"1085","2023-03-26","21:34:35.728",73.0999984741211,73
"1086","2023-03-26","21:34:58.148",73.1999969482422,73
"1087","2023-03-26","21:35:03.541",73.3000030517578,73
"1088","2023-03-26","21:35:09.042",73.4000015258789,73
"1089","2023-03-26","21:35:14.603",73.8000030517578,74
"1090","2023-03-26","21:35:20.173",74.4000015258789,74
"1091","2023-03-26","21:35:25.747",74.5,75
"1092","2023-03-26","21:35:31.303",74.4000015258789,74
"1093","2023-03-26","21:35:36.858",74.8000030517578,75
"1094","2023-03-26","21:35:42.393",75.3000030517578,75
"1095","2023-03-26","21:35:47.952",75.5999984741211,76
"1096","2023-03-26","21:35:53.543",75.3000030517578,75
"1097","2023-03-26","21:35:59.093",75.1999969482422,75
"1098","2023-03-26","21:36:04.632",75.0999984741211,75
"1099","2023-03-26","21:36:10.202",75,75
"1100","2023-03-26","21:36:21.308",74.9000015258789,75
"1101","2023-03-26","21:36:26.859",74.8000030517578,75
"1102","2023-03-26","21:36:37.969",74.6999969482422,75
"1103","2023-03-26","21:36:49.129",74.5,75
"1104","2023-03-26","21:36:54.704",74.5999984741211,75
"1105","2023-03-26","21:37:00.208",74.5,75
"1106","2023-03-26","21:37:16.877",74.4000015258789,74
"1107","2023-03-26","21:37:27.989",74.3000030517578,74
"1108","2023-03-26","21:37:44.657",74.1999969482422,74
"1109","2023-03-26","21:38:06.932",74.0999984741211,74
"1110","2023-03-26","21:38:12.438",74.1999969482422,74
"1111","2023-03-26","21:38:18.005",74.0999984741211,74
"1112","2023-03-26","21:38:40.269",74,74
"1113","2023-03-26","21:39:02.469",74.0999984741211,74
"1114","2023-03-26","21:39:13.562",74,74
"1115","2023-03-26","21:39:24.688",74.0999984741211,74
"1116","2023-03-26","21:39:35.8",74.1999969482422,74
"1117","2023-03-26","21:39:52.487",74.3000030517578,74
"1118","2023-03-26","21:39:58.051",74.1999969482422,74
"1119","2023-03-26","21:40:14.749",74.3000030517578,74
"1120","2023-03-26","21:40:20.256",74.1999969482422,74
"1121","2023-03-26","21:40:25.82",74.3000030517578,74
"1122","2023-03-26","21:40:36.914",74.4000015258789,74
"1123","2023-03-26","21:40:42.471",74.3000030517578,74
"1124","2023-03-26","21:40:59.149",74.1999969482422,74
"1125","2023-03-26","21:41:38.044",74.0999984741211,74
"1126","2023-03-26","21:41:49.197",74.1999969482422,74
"1127","2023-03-26","21:41:54.711",74.0999984741211,74
"1128","2023-03-26","21:42:16.949",74,74
"1129","2023-03-26","21:42:33.629",73.9000015258789,74
"1130","2023-03-26","21:42:39.161",73.8000030517578,74
"1131","2023-03-26","21:42:55.827",73.6999969482422,74
"1132","2023-03-26","21:43:01.399",73.8000030517578,74
"1133","2023-03-26","21:43:06.951",73.6999969482422,74
"1134","2023-03-26","21:43:45.893",73.5999984741211,74
"1135","2023-03-26","21:44:02.529",73.5,74
"1136","2023-03-26","21:44:41.472",73.4000015258789,73
"1137","2023-03-26","21:45:09.249",73.3000030517578,73
"1138","2023-03-26","21:45:31.436",73.1999969482422,73
"1139","2023-03-26","21:45:36.998",73.3000030517578,73
"1140","2023-03-26","21:45:53.688",73.1999969482422,73
"1141","2023-03-26","21:46:04.799",73.0999984741211,73
"1142","2023-03-26","21:46:10.345",73.1999969482422,73
"1143","2023-03-26","21:47:05.945",73.0999984741211,73
"1144","2023-03-26","21:47:11.479",73.1999969482422,73
"1145","2023-03-26","21:47:55.932",73.3000030517578,73
"1146","2023-03-26","21:48:01.485",73.1999969482422,73
"1147","2023-03-26","21:48:12.59",73.3000030517578,73
"1148","2023-03-26","21:48:18.161",73.1999969482422,73
"1149","2023-03-26","21:48:23.773",73.3000030517578,73
"1150","2023-03-26","21:49:19.272",73.4000015258789,73
"1151","2023-03-26","21:49:24.899",73.3000030517578,73
"1152","2023-03-26","21:49:30.389",73.4000015258789,73
"1153","2023-03-26","21:49:35.949",73.3000030517578,73
"1154","2023-03-26","21:49:41.508",73.4000015258789,73
"1155","2023-03-26","21:50:42.656",73.5,74
"1156","2023-03-26","21:50:48.167",73.4000015258789,73
"1157","2023-03-26","21:50:53.741",73.5,74
"1158","2023-03-26","21:50:59.302",73.4000015258789,73
"1159","2023-03-26","21:51:27.076",73.5,74
"1160","2023-03-26","21:51:38.185",73.4000015258789,73
"1161","2023-03-26","21:51:43.75",73.5,74
"1162","2023-03-26","21:51:49.306",73.4000015258789,73
"1163","2023-03-26","21:51:54.876",73.5,74
"1164","2023-03-26","21:53:07.152",73.5999984741211,74
"1165","2023-03-26","21:54:41.631",73.6999969482422,74
"1166","2023-03-26","21:54:47.103",73.5999984741211,74
"1167","2023-03-26","21:54:52.658",73.6999969482422,74
"1168","2023-03-26","21:54:58.226",73.5999984741211,74
"1169","2023-03-26","21:55:31.549",73.6999969482422,74
"1170","2023-03-26","21:55:42.678",73.5999984741211,74
"1171","2023-03-26","21:55:48.222",73.6999969482422,74
"1172","2023-03-26","21:55:59.339",73.5999984741211,74
"1173","2023-03-26","21:56:04.964",73.6999969482422,74
"1174","2023-03-26","21:56:16.069",73.5999984741211,74
"1175","2023-03-26","21:56:21.585",73.6999969482422,74
"1176","2023-03-26","21:56:49.368",73.5999984741211,74
"1177","2023-03-26","21:56:54.912",73.6999969482422,74
"1178","2023-03-26","21:57:11.595",73.5999984741211,74
"1179","2023-03-26","21:57:17.156",73.6999969482422,74
"1180","2023-03-26","21:57:22.715",73.5999984741211,74
"1181","2023-03-26","21:57:33.828",73.6999969482422,74
"1182","2023-03-26","21:58:23.88",73.8000030517578,74
"1183","2023-03-26","21:58:34.947",73.6999969482422,74
"1184","2023-03-26","21:58:40.514",73.8000030517578,74
"1185","2023-03-26","21:59:02.735",73.6999969482422,74
"1186","2023-03-26","21:59:13.836",73.8000030517578,74
"1187","2023-03-26","21:59:24.958",73.6999969482422,74
"1188","2023-03-26","21:59:52.756",73.8000030517578,74
"1189","2023-03-26","21:59:58.309",73.6999969482422,74
"1190","2023-03-26","22:00:03.908",73.8000030517578,74
"1191","2023-03-26","22:00:09.452",73.6999969482422,74
"1192","2023-03-26","22:00:53.886",73.5999984741211,74
"1193","2023-03-26","22:00:59.439",73.6999969482422,74
"1194","2023-03-26","22:01:16.108",73.5999984741211,74
"1195","2023-03-26","22:01:21.675",73.6999969482422,74
"1196","2023-03-26","22:01:32.878",73.5999984741211,74
"1197","2023-03-26","22:01:43.96",73.6999969482422,74
"1198","2023-03-26","22:02:00.588",73.5999984741211,74
"1199","2023-03-26","22:02:06.145",73.6999969482422,74
"1200","2023-03-26","22:02:17.265",73.5999984741211,74
"1201","2023-03-26","22:02:22.808",73.6999969482422,74
"1202","2023-03-26","22:02:28.378",73.5999984741211,74
"1203","2023-03-26","22:02:45.048",73.6999969482422,74
"1204","2023-03-26","22:02:50.608",73.5999984741211,74
"1205","2023-03-26","22:02:56.204",73.6999969482422,74
"1206","2023-03-26","22:03:40.648",73.5999984741211,74
"1207","2023-03-26","22:03:46.164",73.6999969482422,74
"1208","2023-03-26","22:03:51.722",73.5999984741211,74
"1209","2023-03-26","22:04:13.958",73.6999969482422,74
"1210","2023-03-26","22:04:19.507",73.5999984741211,74
"1211","2023-03-26","22:04:25.086",73.6999969482422,74
"1212","2023-03-26","22:04:58.438",73.5999984741211,74
"1213","2023-03-26","22:05:15.133",73.6999969482422,74
"1214","2023-03-26","22:05:20.644",73.5999984741211,74
"1215","2023-03-26","22:05:26.248",73.6999969482422,74
"1216","2023-03-26","22:05:48.677",73.5999984741211,74
"1217","2023-03-26","22:05:59.543",73.6999969482422,74
